open_time_ms,open,high,low,close,volume
1787590800000,0.09104,0.0911,0.088,0.08896,136425293.0
1787594400000,0.08896,0.08971,0.08893,0.08921,38202755.0
1787598000000,0.08921,0.08942,0.08866,0.08906,24826853.0
1787601600000,0.08907,0.08953,0.08863,0.08944,20061087.0
1787605200000,0.08944,0.09029,0.08944,0.09026,19783742.0
1787608800000,0.09027,0.09028,0.0893,0.08956,34982655.0
1787612400000,0.08957,0.09029,0.08921,0.09011,17666011.0
1787616000000,0.09011,0.09178,0.08972,0.09143,55391463.0
1787619600000,0.09143,0.09164,0.09074,0.09106,26840605.0
1787623200000,0.09107,0.093,0.09083,0.09202,75242900.0
1787626800000,0.09203,0.09303,0.09158,0.09194,48828527.0
1787630400000,0.09194,0.09222,0.09159,0.09206,28808634.0
1787634000000,0.09207,0.09309,0.09195,0.09268,37671094.0
1787637600000,0.09268,0.09299,0.09162,0.09191,27985580.0
1787641200000,0.09191,0.0925,0.09016,0.09082,57120783.0
1787644800000,0.09082,0.09157,0.09049,0.09105,31510458.0
1787648400000,0.09104,0.09134,0.0898,0.09045,30521585.0
1787652000000,0.09045,0.09083,0.09021,0.09063,21329273.0
1787655600000,0.09063,0.09086,0.09013,0.09016,17078972.0
1787659200000,0.09015,0.09029,0.08918,0.09014,39780915.0
1787662800000,0.09014,0.09023,0.087,0.08828,116968726.0
1787666400000,0.08828,0.08939,0.08804,0.08908,43348423.0
1787670000000,0.08908,0.08934,0.08853,0.0892,19723624.0
1787673600000,0.08921,0.08941,0.0887,0.08903,14711239.0
1787677200000,0.08903,0.08904,0.08822,0.08886,16585901.0
1787680800000,0.08886,0.08901,0.08857,0.08872,18275221.0
1787684400000,0.08873,0.08885,0.08786,0.08808,24258177.0
1787688000000,0.08807,0.08814,0.08578,0.08579,76059411.0
1787691600000,0.0858,0.08666,0.08483,0.08636,58458331.0
1787695200000,0.08635,0.08705,0.08635,0.08682,29172073.0
1787698800000,0.08681,0.08698,0.08556,0.0857,34001298.0
1787702400000,0.08569,0.08639,0.08545,0.08615,36356805.0
1787706000000,0.08614,0.08676,0.08608,0.08649,22511898.0
1787709600000,0.08649,0.08701,0.08609,0.08681,25623661.0
1787713200000,0.0868,0.0869,0.08646,0.08666,14057344.0
1787716800000,0.08666,0.08696,0.08624,0.08631,19860564.0
1787720400000,0.08632,0.0869,0.08603,0.0868,13941501.0
1787724000000,0.08679,0.08707,0.08629,0.0867,17073081.0
1787727600000,0.08669,0.08697,0.08655,0.08663,17073163.0
1787731200000,0.08663,0.08697,0.08623,0.08641,13560101.0
1787734800000,0.08641,0.08659,0.0855,0.08595,14309655.0
1787738400000,0.08595,0.0871,0.08579,0.08683,16615054.0
1787742000000,0.08684,0.08709,0.08611,0.08635,30847445.0
1787745600000,0.08634,0.08699,0.08568,0.08635,27749864.0
1787749200000,0.08634,0.08653,0.08522,0.08595,39679479.0
1787752800000,0.08594,0.08617,0.0843,0.08442,54481659.0
1787756400000,0.08443,0.08475,0.08385,0.08452,36757077.0
1787760000000,0.08451,0.08474,0.08386,0.08431,27833427.0
1787763600000,0.0843,0.08543,0.08427,0.08498,16086091.0
1787767200000,0.08498,0.08525,0.08465,0.0851,30869949.0
1787770800000,0.0851,0.08544,0.08485,0.08487,17317425.0
1787774400000,0.08487,0.0853,0.08442,0.08529,11054698.0
1787778000000,0.08529,0.0864,0.08526,0.08629,25791089.0
1787781600000,0.08629,0.08717,0.08613,0.08654,37354627.0
1787785200000,0.08653,0.08783,0.0864,0.0877,41313324.0
1787788800000,0.08769,0.0877,0.08651,0.08654,24412587.0
1787792400000,0.08654,0.08752,0.08626,0.08706,30613783.0
1787796000000,0.08706,0.08748,0.08672,0.08686,10423737.0
1787799600000,0.08687,0.0872,0.08665,0.08681,12566751.0
1787803200000,0.08682,0.0871,0.08652,0.0867,15804516.0
1787806800000,0.0867,0.08715,0.08622,0.08702,17356515.0
1787810400000,0.08701,0.08705,0.08644,0.087,19465732.0
1787814000000,0.087,0.0872,0.08686,0.08715,11602260.0
1787817600000,0.08715,0.08986,0.08712,0.08919,107826178.0
1787821200000,0.08918,0.09,0.0887,0.08887,45602449.0
1787824800000,0.08887,0.08922,0.08762,0.0883,50848565.0
1787828400000,0.08829,0.08876,0.08784,0.08831,20438478.0
1787832000000,0.0883,0.08867,0.08723,0.08763,34839841.0
1787835600000,0.08763,0.08816,0.08722,0.08813,33919705.0
1787839200000,0.08813,0.08942,0.08789,0.08902,52364816.0
1787842800000,0.08902,0.08975,0.08868,0.0887,36086608.0
1787846400000,0.08869,0.08977,0.08862,0.08927,37160164.0
1787850000000,0.08927,0.08998,0.08892,0.08911,27022552.0
1787853600000,0.08911,0.08915,0.08794,0.08876,23523298.0
1787857200000,0.08876,0.08899,0.08845,0.08866,13916294.0
1787860800000,0.08866,0.08882,0.08831,0.08874,10853767.0
1787864400000,0.08875,0.0889,0.08826,0.08877,19264149.0
1787868000000,0.08876,0.08946,0.08875,0.0891,15554438.0
1787871600000,0.08909,0.08932,0.08882,0.08914,19354491.0
1787875200000,0.08914,0.08928,0.08851,0.08902,25679182.0
1787878800000,0.08902,0.09033,0.08899,0.08912,31559515.0
1787882400000,0.08911,0.08912,0.08739,0.08788,43193278.0
1787886000000,0.08788,0.08808,0.08733,0.08776,16842478.0
1787889600000,0.08777,0.08825,0.08725,0.08763,25748768.0
1787893200000,0.08763,0.08799,0.08739,0.08775,15995219.0
1787896800000,0.08775,0.08834,0.08775,0.08821,11770626.0
1787900400000,0.08821,0.08824,0.08748,0.08751,38953107.0
1787904000000,0.08752,0.0878,0.08683,0.08716,49572312.0
1787907600000,0.08715,0.08729,0.08636,0.08638,39209567.0
1787911200000,0.08639,0.08712,0.08562,0.08712,58839659.0
1787914800000,0.08713,0.08739,0.08688,0.08701,18307727.0
1787918400000,0.08701,0.08714,0.08663,0.08687,7203186.0
1787922000000,0.08686,0.0872,0.08656,0.08686,21265879.0
1787925600000,0.08687,0.08794,0.08555,0.08772,77955539.0
1787929200000,0.08772,0.08802,0.08573,0.08589,51653731.0
1787932800000,0.08589,0.08605,0.084,0.08541,72376012.0
1787936400000,0.0854,0.08563,0.08499,0.08505,33409181.0
1787940000000,0.08505,0.08513,0.08381,0.08438,28247781.0
1787943600000,0.08437,0.08481,0.08435,0.08467,13912501.0
1787947200000,0.08467,0.08491,0.08446,0.0848,8671002.0
1787950800000,0.08481,0.08507,0.08443,0.08455,8921226.0
1787954400000,0.08456,0.08529,0.08448,0.08516,11800271.0
1787958000000,0.08515,0.08528,0.08506,0.08524,12760249.0
1787961600000,0.08525,0.08542,0.08512,0.08518,6787387.0
1787965200000,0.08517,0.08543,0.08503,0.08532,8997642.0
1787968800000,0.08531,0.08536,0.08491,0.08502,13499637.0
1787972400000,0.08503,0.08514,0.0848,0.08484,15868357.0
1787976000000,0.08484,0.08519,0.0848,0.08517,11080203.0
1787979600000,0.08516,0.08531,0.085,0.08508,9284406.0
1787983200000,0.08508,0.0851,0.08427,0.08444,12029200.0
1787986800000,0.08443,0.08471,0.08427,0.08444,12421729.0
1787990400000,0.08444,0.08455,0.08419,0.08434,21695559.0
1787994000000,0.08435,0.08457,0.0842,0.08446,23781530.0
1787997600000,0.08446,0.0847,0.08418,0.08445,10516927.0
1788001200000,0.08445,0.08459,0.08441,0.08448,5338224.0
1788004800000,0.08449,0.08504,0.08446,0.08481,9241492.0
1788008400000,0.08481,0.08501,0.08468,0.08494,9203195.0
1788012000000,0.08494,0.08571,0.08487,0.08561,17040384.0
1788015600000,0.08561,0.08565,0.08507,0.08517,12032246.0
1788019200000,0.08518,0.08558,0.0851,0.08526,15529768.0
1788022800000,0.08526,0.08537,0.08477,0.08511,7383491.0
1788026400000,0.08512,0.08555,0.08504,0.08526,9457622.0
1788030000000,0.08526,0.08552,0.08517,0.08525,12452033.0
1788033600000,0.08524,0.08549,0.08514,0.08523,6329826.0
1788037200000,0.08524,0.08531,0.08508,0.08511,8887188.0
1788040800000,0.0851,0.0852,0.08498,0.08516,7336810.0
1788044400000,0.08516,0.08533,0.08501,0.08529,12324152.0
1788048000000,0.0853,0.08551,0.08514,0.08517,13217343.0
1788051600000,0.08516,0.08519,0.08478,0.08491,13113358.0
1788055200000,0.08492,0.0852,0.08485,0.08505,13953333.0
1788058800000,0.08505,0.08519,0.08492,0.08503,7484773.0
1788062400000,0.08504,0.0851,0.08457,0.08488,19698190.0
1788066000000,0.08488,0.08521,0.08487,0.0851,9205865.0
1788069600000,0.08509,0.08521,0.08491,0.08518,12577149.0
1788073200000,0.08519,0.08521,0.08458,0.08463,18378098.0
1788076800000,0.08464,0.08479,0.08448,0.08462,16798534.0
1788080400000,0.08461,0.08471,0.08437,0.0846,11994163.0
1788084000000,0.0846,0.08504,0.08449,0.08488,14043334.0
1788087600000,0.08488,0.0851,0.08481,0.08497,14836758.0
1788091200000,0.08498,0.0855,0.08489,0.08543,25046213.0
1788094800000,0.08542,0.08584,0.0852,0.0857,27146423.0
1788098400000,0.08571,0.08571,0.08535,0.08546,12294479.0
1788102000000,0.08545,0.08556,0.08502,0.08537,15092470.0
1788105600000,0.08538,0.08647,0.08529,0.08637,26382564.0
1788109200000,0.08637,0.0865,0.08525,0.08595,37003154.0
1788112800000,0.08594,0.08648,0.08557,0.08637,18497692.0
1788116400000,0.08637,0.08637,0.08553,0.08582,17236662.0
1788120000000,0.08582,0.08597,0.08473,0.08514,29860799.0
1788123600000,0.08514,0.08514,0.0839,0.0846,57970177.0
1788127200000,0.08461,0.08501,0.08325,0.08367,42928057.0
1788130800000,0.08367,0.08367,0.08081,0.08205,131064717.0
1788134400000,0.08205,0.08274,0.08162,0.08241,23954054.0
1788138000000,0.08241,0.08251,0.08153,0.0816,35972813.0
1788141600000,0.0816,0.08243,0.08142,0.0818,20048276.0
1788145200000,0.08181,0.08255,0.08174,0.08227,14220099.0
1788148800000,0.08228,0.08229,0.08186,0.08213,14009862.0
1788152400000,0.08212,0.08305,0.08201,0.0828,30572852.0
1788156000000,0.0828,0.08295,0.08259,0.08274,18349634.0
1788159600000,0.08274,0.08293,0.08255,0.08273,19042449.0
1788163200000,0.08273,0.083,0.08242,0.0828,13969117.0
1788166800000,0.0828,0.08318,0.08269,0.08286,20973156.0
1788170400000,0.08286,0.08328,0.08256,0.08308,15092452.0
1788174000000,0.08309,0.08314,0.08258,0.08265,13320114.0
1788177600000,0.08266,0.08306,0.08225,0.08266,28174572.0
1788181200000,0.08267,0.08298,0.082,0.08216,19075702.0
1788184800000,0.08217,0.08327,0.08207,0.08303,30057259.0
1788188400000,0.08304,0.0833,0.08256,0.08283,22220293.0
1788192000000,0.08283,0.08327,0.08267,0.08291,15878327.0
1788195600000,0.0829,0.08351,0.08273,0.08333,20964420.0
1788199200000,0.08332,0.08398,0.08308,0.08345,24823395.0
1788202800000,0.08346,0.08372,0.08308,0.08324,11890068.0
1788206400000,0.08324,0.08356,0.08315,0.08326,8549606.0
1788210000000,0.08327,0.08348,0.0829,0.08336,18313112.0
1788213600000,0.08336,0.08344,0.08294,0.08305,5973783.0
1788217200000,0.08304,0.08304,0.08265,0.08285,5366779.0
1788220800000,0.08285,0.08329,0.08276,0.08307,19061049.0
1788224400000,0.08308,0.08326,0.08251,0.08282,19173419.0
1788228000000,0.08281,0.08301,0.08251,0.08288,13132302.0
1788231600000,0.08287,0.08346,0.08281,0.08321,12730778.0
1788235200000,0.08321,0.08347,0.08311,0.08318,10189817.0
1788238800000,0.08318,0.08396,0.08315,0.08387,15223992.0
1788242400000,0.08386,0.08386,0.0834,0.08342,23997069.0
1788246000000,0.08341,0.08375,0.08314,0.08337,30881310.0
1788249600000,0.08337,0.08341,0.08227,0.08229,51044875.0
1788253200000,0.08229,0.08252,0.08213,0.08242,20463754.0
1788256800000,0.08241,0.08306,0.08235,0.08286,18692883.0
1788260400000,0.08286,0.08337,0.08271,0.0832,19062859.0
1788264000000,0.0832,0.08322,0.08235,0.08257,17252629.0
1788267600000,0.08257,0.08286,0.08176,0.08274,42640595.0
1788271200000,0.08274,0.08315,0.08265,0.08277,17663241.0
1788274800000,0.08278,0.08296,0.08199,0.08272,30334597.0
1788278400000,0.08273,0.08274,0.08178,0.08215,20747929.0
1788282000000,0.08216,0.0826,0.08193,0.08204,21341587.0
1788285600000,0.08204,0.08216,0.0807,0.08171,50458470.0
1788289200000,0.08172,0.08222,0.08168,0.08195,12045346.0
1788292800000,0.08196,0.08215,0.08156,0.08199,20321435.0
1788296400000,0.08199,0.082,0.08101,0.0815,26232841.0
1788300000000,0.0815,0.08176,0.08123,0.08147,15674739.0
1788303600000,0.08146,0.08189,0.08139,0.08167,14685381.0
1788307200000,0.08168,0.08175,0.08115,0.08116,13778133.0
1788310800000,0.08115,0.0814,0.08028,0.08071,39993661.0
1788314400000,0.08072,0.08133,0.08059,0.08116,25281086.0
1788318000000,0.08117,0.08177,0.0811,0.08153,22879640.0
1788321600000,0.08153,0.08184,0.08114,0.08175,18477610.0
1788325200000,0.08174,0.08207,0.08153,0.08201,22157892.0
1788328800000,0.08202,0.08211,0.08155,0.08179,26880488.0
1788332400000,0.08179,0.08199,0.08164,0.08167,9734847.0
1788336000000,0.08168,0.08175,0.08079,0.08099,15990773.0
1788339600000,0.08099,0.08128,0.08058,0.08091,55907136.0
1788343200000,0.0809,0.08093,0.08013,0.08081,43644292.0
1788346800000,0.08081,0.08127,0.08054,0.08124,17508857.0
1788350400000,0.08124,0.08143,0.08078,0.08083,16177296.0
1788354000000,0.08084,0.08207,0.08074,0.08172,38777003.0
1788357600000,0.08172,0.08197,0.0815,0.08151,23860426.0
1788361200000,0.08151,0.08181,0.0807,0.08167,35929120.0
1788364800000,0.08167,0.0819,0.08139,0.08139,19029140.0
1788368400000,0.08139,0.08156,0.08085,0.08146,34256329.0
1788372000000,0.08146,0.08175,0.08129,0.08147,22916928.0
1788375600000,0.08146,0.08155,0.08097,0.0813,13217935.0
1788379200000,0.08131,0.08193,0.08127,0.08169,42207092.0
1788382800000,0.0817,0.08187,0.0815,0.08168,11485421.0
1788386400000,0.08168,0.08168,0.08088,0.08105,23562217.0
1788390000000,0.08106,0.08181,0.08095,0.08176,18312544.0
1788393600000,0.08176,0.08195,0.08124,0.08142,23922662.0
1788397200000,0.08141,0.08265,0.08116,0.0822,44561313.0
1788400800000,0.0822,0.08329,0.08206,0.0832,40604695.0
1788404400000,0.08321,0.08323,0.08256,0.08279,22586150.0
1788408000000,0.0828,0.083,0.08245,0.08299,19264200.0
1788411600000,0.08299,0.08311,0.08207,0.083,27599701.0
1788415200000,0.083,0.08312,0.08274,0.083,20236316.0
1788418800000,0.08299,0.0837,0.08266,0.0829,48155457.0
1788422400000,0.0829,0.08363,0.08288,0.08317,19864707.0
1788426000000,0.08317,0.08333,0.08277,0.08281,15732563.0
1788429600000,0.0828,0.08311,0.08253,0.08297,17910351.0
1788433200000,0.08298,0.0834,0.08287,0.08328,20836526.0
1788436800000,0.08327,0.0838,0.08311,0.08368,36127297.0
1788440400000,0.08367,0.08378,0.08327,0.08352,23782234.0
1788444000000,0.08351,0.08795,0.08331,0.08792,127811189.0
1788447600000,0.08792,0.08942,0.08679,0.0892,192274084.0
1788451200000,0.0892,0.08999,0.08809,0.08948,127769968.0
1788454800000,0.08948,0.08981,0.08885,0.08939,78358710.0
1788458400000,0.08939,0.08969,0.08894,0.08958,42238335.0
1788462000000,0.08958,0.08996,0.08904,0.08932,29717162.0
1788465600000,0.08932,0.08936,0.08842,0.08864,52839452.0
1788469200000,0.08864,0.08939,0.08828,0.08829,42963679.0
1788472800000,0.08828,0.08837,0.08712,0.08746,50563550.0
1788476400000,0.08746,0.08796,0.08742,0.08782,24651929.0
1788480000000,0.08782,0.0881,0.087,0.08705,43526309.0
1788483600000,0.08706,0.08749,0.0868,0.08715,49040305.0
1788487200000,0.08716,0.08729,0.08658,0.08728,17758084.0
1788490800000,0.08729,0.08752,0.08716,0.08716,11029580.0
1788494400000,0.08716,0.08759,0.08704,0.08728,15683769.0
1788498000000,0.08727,0.0874,0.08663,0.08696,33480339.0
1788501600000,0.08696,0.0872,0.08653,0.08709,18443324.0
1788505200000,0.08708,0.08754,0.087,0.08703,30227599.0
1788508800000,0.08704,0.08769,0.08676,0.08766,35965395.0
1788512400000,0.08767,0.08836,0.08745,0.08769,62275458.0
1788516000000,0.08769,0.08777,0.08721,0.08771,21279018.0
1788519600000,0.08771,0.08802,0.08756,0.08777,24948477.0
1788523200000,0.08776,0.08805,0.08399,0.08502,298831500.0
1788526800000,0.08501,0.08587,0.08467,0.08524,53998807.0
1788530400000,0.08524,0.08543,0.08378,0.08419,56090333.0
1788534000000,0.08419,0.08467,0.084,0.0844,32921222.0
1788537600000,0.08439,0.08491,0.08427,0.08464,27262035.0
1788541200000,0.08465,0.08467,0.08402,0.08413,13762770.0
1788544800000,0.08413,0.08474,0.08412,0.0847,11934014.0
1788548400000,0.0847,0.08505,0.0844,0.08474,49628052.0
1788552000000,0.08474,0.08485,0.0846,0.08474,18063385.0
1788555600000,0.08474,0.08497,0.08444,0.08446,17062457.0
1788559200000,0.08447,0.08466,0.08443,0.08453,13257156.0
1788562800000,0.08453,0.08483,0.08443,0.08477,8521990.0
1788566400000,0.08478,0.08486,0.08457,0.08464,12504964.0
1788570000000,0.08464,0.08495,0.08453,0.08463,21823638.0
1788573600000,0.08463,0.08488,0.08402,0.0846,52684301.0
1788577200000,0.0846,0.08475,0.08454,0.0846,14853121.0
1788580800000,0.08461,0.0848,0.08447,0.08465,10978533.0
1788584400000,0.08465,0.0848,0.0845,0.08467,17560407.0
1788588000000,0.08467,0.08568,0.08465,0.08555,44503551.0
1788591600000,0.08555,0.08585,0.0855,0.08578,28895002.0
1788595200000,0.08578,0.08596,0.08548,0.08581,23873627.0
1788598800000,0.08581,0.08635,0.08581,0.08608,19279842.0
1788602400000,0.08608,0.08624,0.08583,0.08585,21237043.0
1788606000000,0.08585,0.08625,0.08585,0.08612,20713486.0
1788609600000,0.08612,0.08759,0.0861,0.08732,60355816.0
1788613200000,0.08733,0.08816,0.08698,0.08723,61187774.0
1788616800000,0.08723,0.08813,0.08715,0.08776,40423867.0
1788620400000,0.08775,0.088,0.08734,0.0876,51592349.0
1788624000000,0.0876,0.08856,0.08733,0.08803,56516606.0
1788627600000,0.08802,0.09515,0.08778,0.09423,229609224.0
1788631200000,0.09422,0.09476,0.0916,0.09181,191579206.0
1788634800000,0.09181,0.09191,0.09038,0.09079,85776626.0
1788638400000,0.09079,0.09131,0.09035,0.09068,73569620.0
1788642000000,0.09069,0.09138,0.0899,0.0906,45170719.0
1788645600000,0.0906,0.09108,0.0899,0.09011,91630293.0
1788649200000,0.0901,0.09013,0.0893,0.08969,33631552.0
1788652800000,0.08969,0.09044,0.08968,0.09023,34849429.0
1788656400000,0.09023,0.09096,0.09012,0.09079,52347815.0
1788660000000,0.0908,0.09104,0.09062,0.09095,30483651.0
1788663600000,0.09095,0.09172,0.09071,0.09131,32867026.0
1788667200000,0.09131,0.09132,0.09031,0.09053,37190402.0
1788670800000,0.09053,0.09201,0.09037,0.09154,74404626.0
1788674400000,0.09154,0.09203,0.09109,0.09113,77723592.0
1788678000000,0.09113,0.09133,0.09037,0.09086,46336550.0
1788681600000,0.09086,0.09101,0.09049,0.09068,24467339.0
1788685200000,0.09068,0.0912,0.08825,0.09026,102026966.0
1788688800000,0.09026,0.09039,0.08956,0.09009,31184473.0
1788692400000,0.09008,0.09021,0.08979,0.09012,38838685.0
1788696000000,0.09011,0.09013,0.08965,0.08967,29275332.0
1788699600000,0.08967,0.09,0.0892,0.08973,44088117.0
1788703200000,0.08973,0.08974,0.0877,0.08857,95174387.0
1788706800000,0.08856,0.08907,0.0879,0.08897,34736057.0
1788710400000,0.08896,0.08942,0.08869,0.0893,28726487.0
1788714000000,0.0893,0.08946,0.08893,0.08918,25444443.0
1788717600000,0.08918,0.08961,0.08913,0.08946,15881320.0
1788721200000,0.08946,0.08958,0.08935,0.08957,12421228.0
1788724800000,0.08957,0.09041,0.08947,0.09027,26641148.0
1788728400000,0.09028,0.09079,0.09013,0.09048,21240892.0
1788732000000,0.09048,0.09049,0.08963,0.09028,28963617.0
1788735600000,0.09028,0.09108,0.09021,0.09092,25796329.0
1788739200000,0.09092,0.09123,0.0907,0.09098,26753401.0
1788742800000,0.09099,0.09113,0.08971,0.09014,57364690.0
1788746400000,0.09014,0.09142,0.08978,0.09014,41889078.0
1788750000000,0.09013,0.09038,0.0892,0.08935,28062460.0
1788753600000,0.08936,0.08982,0.08933,0.08975,29305153.0
1788757200000,0.08975,0.09065,0.08973,0.09015,25119813.0
1788760800000,0.09016,0.09061,0.08979,0.08984,21027005.0
1788764400000,0.08983,0.09007,0.08855,0.08941,58445262.0
1788768000000,0.08942,0.09006,0.08936,0.08957,33196726.0
1788771600000,0.08958,0.0901,0.08918,0.08926,23873352.0
1788775200000,0.08926,0.08982,0.08923,0.08957,26164420.0
1788778800000,0.08958,0.08984,0.08941,0.08981,18998461.0
1788782400000,0.0898,0.09148,0.08975,0.09135,46285498.0
1788786000000,0.09135,0.09188,0.09042,0.09093,54778117.0
1788789600000,0.09093,0.09103,0.08978,0.09063,57869649.0
1788793200000,0.09063,0.09067,0.08866,0.08899,58996049.0
1788796800000,0.08899,0.09029,0.08898,0.09012,41048917.0
1788800400000,0.09012,0.09044,0.09001,0.09009,18835287.0
1788804000000,0.0901,0.09018,0.08958,0.08989,17122212.0
1788807600000,0.08988,0.09074,0.08972,0.09056,16707758.0
1788811200000,0.09056,0.091,0.09005,0.09058,24543420.0
1788814800000,0.09059,0.09073,0.09026,0.09037,15479663.0
1788818400000,0.09037,0.09077,0.08967,0.09013,29142138.0
1788822000000,0.09012,0.09089,0.09009,0.09051,23189290.0
1788825600000,0.09051,0.0917,0.09032,0.09136,60442313.0
1788829200000,0.09135,0.0917,0.091,0.09123,36461158.0
1788832800000,0.09124,0.09152,0.08997,0.08998,29787221.0
1788836400000,0.08997,0.09028,0.08956,0.08997,30517564.0
1788840000000,0.08997,0.09006,0.08956,0.08966,24849115.0
1788843600000,0.08966,0.09034,0.08937,0.08961,54422401.0
1788847200000,0.08961,0.08981,0.08891,0.08927,49062465.0
1788850800000,0.08927,0.08984,0.08896,0.0893,25817306.0
1788854400000,0.0893,0.08962,0.08883,0.0893,50487403.0
1788858000000,0.0893,0.09079,0.089,0.0904,46841492.0
1788861600000,0.09041,0.09097,0.09012,0.09012,31611749.0
1788865200000,0.09013,0.0902,0.08924,0.08955,33590653.0
1788868800000,0.08956,0.08957,0.08855,0.08932,44805589.0
1788872400000,0.08932,0.08949,0.088,0.0891,46521304.0
1788876000000,0.0891,0.08983,0.08897,0.08972,42868517.0
1788879600000,0.08971,0.09086,0.08962,0.09065,57664147.0
1788883200000,0.09065,0.09087,0.08983,0.09063,52701941.0
1788886800000,0.09064,0.09084,0.08987,0.09005,32188263.0
1788890400000,0.09004,0.09079,0.08922,0.08954,31089184.0
1788894000000,0.08953,0.09008,0.08932,0.08958,32540291.0
1788897600000,0.08957,0.09045,0.08948,0.08965,21043456.0
1788901200000,0.08966,0.09006,0.08927,0.08956,15563971.0
1788904800000,0.08956,0.09011,0.08953,0.09002,15180649.0
1788908400000,0.09003,0.09014,0.08984,0.09005,21256483.0
1788912000000,0.09004,0.09095,0.09002,0.09054,38546468.0
1788915600000,0.09055,0.09068,0.08988,0.09028,27052123.0
1788919200000,0.09027,0.09047,0.08967,0.08994,25976623.0
1788922800000,0.08993,0.08996,0.0894,0.0896,19397102.0
1788926400000,0.0896,0.09083,0.0896,0.09062,29432466.0
1788930000000,0.09063,0.09077,0.08987,0.0901,29273485.0
1788933600000,0.09011,0.0907,0.09,0.09045,14867839.0
1788937200000,0.09046,0.09097,0.09042,0.09089,21873265.0
1788940800000,0.0909,0.09149,0.09079,0.09143,33418144.0
1788944400000,0.09144,0.09146,0.09007,0.09011,27123578.0
1788948000000,0.09011,0.09083,0.0901,0.09076,29070827.0
1788951600000,0.09077,0.09096,0.09016,0.09086,24194981.0
1788955200000,0.09085,0.09159,0.09069,0.09134,37312732.0
1788958800000,0.09135,0.09139,0.09017,0.09034,34494666.0
1788962400000,0.09034,0.09064,0.08968,0.08982,57273529.0
1788966000000,0.08982,0.09039,0.08811,0.08893,97723427.0
1788969600000,0.08893,0.0894,0.08854,0.08916,36727515.0
1788973200000,0.08916,0.0894,0.08887,0.08909,19558424.0
1788976800000,0.0891,0.08915,0.08856,0.08858,15755907.0
1788980400000,0.08858,0.08873,0.08653,0.08703,65346092.0
1788984000000,0.08703,0.08713,0.08591,0.08703,57865322.0
1788987600000,0.08704,0.08707,0.08613,0.08649,23116492.0
1788991200000,0.0865,0.08659,0.08481,0.08556,77127295.0
1788994800000,0.08556,0.08627,0.08555,0.08616,19778248.0
1788998400000,0.08617,0.08623,0.08554,0.08561,39181450.0
1789002000000,0.08562,0.08628,0.08513,0.08553,39167573.0
1789005600000,0.08553,0.08605,0.08531,0.08602,19997247.0
1789009200000,0.08602,0.08623,0.08581,0.08598,30909439.0
1789012800000,0.08599,0.08615,0.08572,0.08575,22902946.0
1789016400000,0.08576,0.0862,0.08548,0.08606,27892796.0
1789020000000,0.08606,0.08607,0.08543,0.08579,20154307.0
1789023600000,0.08578,0.08579,0.08481,0.08535,28167524.0
1789027200000,0.08535,0.08554,0.08521,0.08528,33068866.0
1789030800000,0.08529,0.08537,0.0848,0.08496,34640676.0
1789034400000,0.08496,0.08544,0.08491,0.08504,28007202.0
1789038000000,0.08504,0.08553,0.0848,0.08512,22941396.0
1789041600000,0.08512,0.08547,0.08229,0.08376,108051722.0
1789045200000,0.08375,0.0842,0.08321,0.08399,80144495.0
1789048800000,0.084,0.08429,0.08342,0.08382,34211933.0
1789052400000,0.08381,0.08385,0.08329,0.08373,34035183.0
1789056000000,0.08372,0.08382,0.0827,0.08354,40757634.0
1789059600000,0.08355,0.08421,0.0834,0.08388,33468992.0
1789063200000,0.08388,0.08403,0.08328,0.08401,14911503.0
1789066800000,0.084,0.08432,0.0838,0.08393,26833726.0
1789070400000,0.08393,0.08435,0.08387,0.08418,10894693.0
1789074000000,0.08418,0.0843,0.08396,0.08408,21408249.0
1789077600000,0.08409,0.08428,0.0835,0.08354,13438018.0
1789081200000,0.08355,0.08361,0.08284,0.08291,33268098.0
1789084800000,0.08291,0.08356,0.08285,0.08346,20604620.0
1789088400000,0.08345,0.08366,0.08298,0.08355,37040348.0
1789092000000,0.08355,0.08363,0.08317,0.08349,13213571.0
1789095600000,0.08349,0.08378,0.08328,0.08375,20787298.0
1789099200000,0.08375,0.08422,0.08368,0.08408,19347735.0
1789102800000,0.08409,0.08415,0.08389,0.08412,13652979.0
1789106400000,0.08411,0.08419,0.08384,0.084,16072778.0
1789110000000,0.084,0.08419,0.08376,0.0838,12535861.0
1789113600000,0.0838,0.08423,0.08371,0.08404,8989122.0
1789117200000,0.08404,0.08408,0.08337,0.08368,12548753.0
1789120800000,0.08368,0.0839,0.08338,0.08338,15333314.0
1789124400000,0.08338,0.08371,0.08291,0.08369,17115705.0
1789128000000,0.08369,0.08548,0.0823,0.08517,121417560.0
1789131600000,0.08518,0.08752,0.08429,0.08743,82502553.0
1789135200000,0.08742,0.0883,0.08602,0.0865,97550468.0
1789138800000,0.08651,0.08687,0.08442,0.08499,63468300.0
1789142400000,0.08498,0.08588,0.08473,0.08584,33310619.0
1789146000000,0.08584,0.08595,0.08486,0.08497,16660778.0
1789149600000,0.08496,0.08504,0.08361,0.08409,40400228.0
1789153200000,0.08409,0.08458,0.08372,0.08449,23581167.0
1789156800000,0.08449,0.08475,0.08406,0.08438,23726001.0
1789160400000,0.08438,0.08471,0.08385,0.08398,12063810.0
1789164000000,0.08399,0.08431,0.08357,0.08381,35619863.0
1789167600000,0.08381,0.08435,0.08377,0.0843,8445621.0
1789171200000,0.08431,0.08442,0.08409,0.0842,17544497.0
1789174800000,0.0842,0.08459,0.08413,0.08442,10928849.0
1789178400000,0.08441,0.08461,0.08433,0.08449,13702592.0
1789182000000,0.08448,0.08461,0.08435,0.08445,10118566.0
1789185600000,0.08445,0.08456,0.08426,0.08438,8538408.0
1789189200000,0.08437,0.08452,0.08424,0.08442,9515972.0
1789192800000,0.08442,0.08458,0.08433,0.08442,11145991.0
1789196400000,0.08443,0.08483,0.0844,0.08477,8843489.0
1789200000000,0.08477,0.0849,0.08463,0.08479,10418239.0
1789203600000,0.0848,0.08499,0.08475,0.08495,13422300.0
1789207200000,0.08496,0.08517,0.08485,0.08501,11418575.0
1789210800000,0.085,0.08513,0.08492,0.08505,9410699.0
1789214400000,0.08506,0.08518,0.08494,0.08505,13134627.0
1789218000000,0.08504,0.08511,0.0848,0.08498,17473493.0
1789221600000,0.08497,0.08522,0.08496,0.08515,8606598.0
1789225200000,0.08515,0.08538,0.08498,0.0851,24781352.0
1789228800000,0.0851,0.08517,0.08496,0.08504,9188401.0
1789232400000,0.08504,0.08511,0.08482,0.08499,8237810.0
1789236000000,0.08499,0.08499,0.08468,0.08474,11333365.0
1789239600000,0.08475,0.0849,0.0846,0.0848,10060907.0
1789243200000,0.0848,0.08499,0.08474,0.08478,7134081.0
1789246800000,0.08477,0.08497,0.08463,0.08464,7206291.0
1789250400000,0.08465,0.0849,0.08458,0.08467,13922640.0
1789254000000,0.08466,0.0849,0.08465,0.08483,3999527.0
1789257600000,0.08482,0.0849,0.08469,0.08485,2950864.0
1789261200000,0.08485,0.08507,0.08479,0.08498,13280604.0
1789264800000,0.08499,0.08521,0.08482,0.08494,14176070.0
1789268400000,0.08495,0.08515,0.08464,0.08471,21454547.0
1789272000000,0.08472,0.08487,0.08461,0.08471,9461927.0
1789275600000,0.08472,0.08495,0.0847,0.08485,3856893.0
1789279200000,0.08485,0.08487,0.08431,0.08443,10629423.0
1789282800000,0.08444,0.0846,0.08414,0.08416,11906290.0
1789286400000,0.08416,0.08429,0.08327,0.08356,25180481.0
1789290000000,0.08355,0.08372,0.08313,0.08356,13617201.0
1789293600000,0.08356,0.08364,0.08321,0.08332,8805034.0
1789297200000,0.08332,0.08362,0.08325,0.08355,5528216.0
1789300800000,0.08355,0.08361,0.08327,0.08345,10513683.0
1789304400000,0.08344,0.08352,0.08286,0.08343,15412560.0
1789308000000,0.08343,0.08393,0.08342,0.08378,22663056.0
1789311600000,0.08378,0.08381,0.08346,0.0835,9574180.0
1789315200000,0.08349,0.08399,0.08349,0.08397,10947406.0
1789318800000,0.08398,0.08466,0.08398,0.08444,17734506.0
1789322400000,0.08444,0.08459,0.08432,0.08451,4759263.0
1789326000000,0.08452,0.0846,0.0841,0.08417,11232719.0
1789329600000,0.08417,0.08454,0.08417,0.08446,5396298.0
1789333200000,0.08446,0.08448,0.084,0.08403,5551100.0
1789336800000,0.08402,0.08402,0.08209,0.08229,55358040.0
1789340400000,0.08228,0.08275,0.08214,0.0824,27267940.0
1789344000000,0.0824,0.08287,0.08191,0.08267,29300207.0
1789347600000,0.08266,0.08315,0.08234,0.08311,21835981.0
1789351200000,0.08311,0.08423,0.08304,0.08407,35058915.0
1789354800000,0.08406,0.08431,0.08376,0.08391,14460769.0
1789358400000,0.08391,0.0842,0.08384,0.08405,16062841.0
1789362000000,0.08404,0.08431,0.08398,0.08426,21625118.0
1789365600000,0.08426,0.0846,0.08409,0.0843,22322778.0
1789369200000,0.08431,0.08445,0.08417,0.08437,10885449.0
1789372800000,0.08437,0.08459,0.08406,0.08416,22472816.0
1789376400000,0.08416,0.08486,0.08381,0.08444,34508009.0
1789380000000,0.08444,0.08456,0.08423,0.08438,17100603.0
1789383600000,0.08438,0.08448,0.08402,0.08412,15780746.0
1789387200000,0.08413,0.08444,0.08355,0.08371,19436712.0
1789390800000,0.08371,0.08437,0.08313,0.08371,36074998.0
1789394400000,0.08371,0.08429,0.08362,0.08382,30366242.0
1789398000000,0.08382,0.08434,0.08357,0.08405,32413286.0
1789401600000,0.08405,0.08475,0.0839,0.08447,20871079.0
1789405200000,0.08447,0.08497,0.08437,0.08481,21873545.0
1789408800000,0.08482,0.08534,0.08466,0.08504,34118153.0
1789412400000,0.08504,0.08505,0.08459,0.08472,22590188.0
1789416000000,0.08472,0.08616,0.08471,0.08517,31612564.0
1789419600000,0.08517,0.08518,0.08436,0.08437,24703909.0
1789423200000,0.08438,0.08469,0.08398,0.08408,21168511.0
1789426800000,0.08408,0.08416,0.08359,0.08366,16234025.0
1789430400000,0.08365,0.0839,0.08355,0.08373,11938312.0
1789434000000,0.08373,0.08399,0.08352,0.08379,9469195.0
1789437600000,0.08378,0.08393,0.08372,0.0838,9063029.0
1789441200000,0.0838,0.08381,0.08329,0.08331,26544371.0
1789444800000,0.08331,0.08343,0.08311,0.08318,16906655.0
1789448400000,0.08318,0.08336,0.08267,0.08319,30849226.0
1789452000000,0.08318,0.0833,0.08247,0.08269,18064672.0
1789455600000,0.0827,0.08297,0.08243,0.08254,22507756.0
1789459200000,0.08254,0.08267,0.08231,0.08266,20765748.0
1789462800000,0.08265,0.08288,0.08254,0.08264,17596531.0
1789466400000,0.08264,0.08286,0.08253,0.08278,17561614.0
1789470000000,0.08279,0.08292,0.08228,0.08251,20127700.0
1789473600000,0.08251,0.08305,0.08247,0.08283,19951408.0
1789477200000,0.08283,0.08341,0.082,0.08283,32031054.0
1789480800000,0.08283,0.08296,0.08053,0.08129,111872885.0
1789484400000,0.08128,0.08217,0.08112,0.08169,39618472.0
1789488000000,0.08168,0.08184,0.0813,0.08162,20119066.0
1789491600000,0.08161,0.08256,0.08122,0.0821,24171645.0
1789495200000,0.0821,0.08246,0.07841,0.08082,196046129.0
1789498800000,0.08082,0.08124,0.08046,0.0809,56088787.0
1789502400000,0.08089,0.08103,0.07983,0.0805,31110146.0
1789506000000,0.0805,0.08051,0.07946,0.07958,25774489.0
1789509600000,0.07958,0.08033,0.07939,0.08022,30900706.0
1789513200000,0.08022,0.08066,0.08002,0.08008,24459542.0
1789516800000,0.08009,0.08029,0.08,0.08011,15788303.0
1789520400000,0.08011,0.08029,0.07948,0.07949,20782925.0
1789524000000,0.07949,0.08042,0.07946,0.08009,20768501.0
1789527600000,0.08009,0.08044,0.07991,0.08003,20646324.0
1789531200000,0.08004,0.08077,0.08002,0.08027,26097821.0
1789534800000,0.08027,0.08035,0.07992,0.08013,17470270.0
1789538400000,0.08014,0.08026,0.07992,0.08024,18198783.0
1789542000000,0.08023,0.08044,0.07962,0.07967,16310716.0
1789545600000,0.07967,0.07969,0.07916,0.07954,22781561.0
1789549200000,0.07953,0.07997,0.07953,0.07992,13648921.0
1789552800000,0.07991,0.08005,0.07972,0.08005,15320905.0
1789556400000,0.08005,0.08041,0.07988,0.08021,16856423.0
1789560000000,0.08022,0.08032,0.07927,0.07937,23969083.0
1789563600000,0.07936,0.07959,0.07887,0.07929,45320797.0
1789567200000,0.07929,0.07932,0.07877,0.07904,34464111.0
1789570800000,0.07904,0.0794,0.07877,0.07904,19869467.0
1789574400000,0.07904,0.07939,0.07891,0.0793,14912311.0
1789578000000,0.07929,0.0793,0.07831,0.0789,44858727.0
1789581600000,0.07891,0.08062,0.07843,0.07958,107315658.0
1789585200000,0.07959,0.0806,0.07907,0.08042,52762720.0
1789588800000,0.08042,0.08084,0.08025,0.0807,30737029.0
1789592400000,0.08071,0.08074,0.08024,0.08052,15017637.0
1789596000000,0.08054,0.08059,0.0798,0.07997,22347548.0
1789599600000,0.07997,0.08103,0.0799,0.08091,28988366.0
1789603200000,0.08091,0.08111,0.08066,0.08066,25146063.0
1789606800000,0.08067,0.08136,0.08045,0.08104,28996721.0
1789610400000,0.08105,0.08145,0.08056,0.08092,27913311.0
1789614000000,0.08091,0.08134,0.08091,0.08117,17054787.0
1789617600000,0.08117,0.08118,0.08068,0.08108,21767518.0
1789621200000,0.08108,0.08119,0.08077,0.08083,14639930.0
1789624800000,0.08083,0.08114,0.08078,0.08099,6670344.0
1789628400000,0.08099,0.08137,0.08094,0.08119,23527412.0
1789632000000,0.08119,0.08171,0.08115,0.08157,23193644.0
1789635600000,0.08158,0.08171,0.08099,0.08105,20032936.0
1789639200000,0.08104,0.08108,0.08063,0.08081,17096861.0
1789642800000,0.08081,0.08109,0.08059,0.081,17597046.0
1789646400000,0.081,0.08183,0.08091,0.08128,37233571.0
1789650000000,0.08129,0.08151,0.08064,0.08148,24039159.0
1789653600000,0.08148,0.08255,0.08113,0.08166,51814799.0
1789657200000,0.08167,0.08208,0.08113,0.082,19993559.0
1789660800000,0.08199,0.08212,0.08151,0.08212,23431030.0
1789664400000,0.08212,0.0823,0.08172,0.08177,17366389.0
1789668000000,0.08177,0.08181,0.08134,0.08145,14372427.0
1789671600000,0.08146,0.08188,0.0814,0.08169,10148900.0
1789675200000,0.0817,0.08198,0.08164,0.08179,7789165.0
1789678800000,0.0818,0.08191,0.08138,0.08142,9249534.0
1789682400000,0.08142,0.08157,0.08117,0.08153,20076729.0
1789686000000,0.08153,0.08185,0.08144,0.08172,17179891.0
1789689600000,0.08172,0.08184,0.08138,0.08182,16143887.0
1789693200000,0.08182,0.08251,0.08179,0.08243,16519461.0
1789696800000,0.08242,0.08306,0.08226,0.08287,35885212.0
1789700400000,0.08287,0.08454,0.08284,0.08451,81291441.0
1789704000000,0.08451,0.08464,0.08377,0.08457,56083078.0
1789707600000,0.08457,0.0847,0.08406,0.08417,40258770.0
1789711200000,0.08416,0.0845,0.08411,0.08423,30805169.0
1789714800000,0.08423,0.08459,0.08416,0.08446,44799584.0
1789718400000,0.08447,0.08493,0.0842,0.08489,44167809.0
1789722000000,0.08489,0.086,0.08482,0.08574,82042396.0
1789725600000,0.08574,0.087,0.08572,0.08581,100819115.0
1789729200000,0.0858,0.08585,0.08494,0.08535,58441732.0
1789732800000,0.08535,0.08569,0.08507,0.08546,31934050.0
1789736400000,0.08547,0.08778,0.08511,0.08729,94879376.0
1789740000000,0.0873,0.08819,0.08681,0.08802,93997640.0
1789743600000,0.08802,0.08815,0.08686,0.08751,77074641.0
1789747200000,0.08751,0.08826,0.08732,0.08774,64966332.0
1789750800000,0.08774,0.08775,0.0872,0.08766,57763144.0
1789754400000,0.08765,0.08765,0.08719,0.08738,48457478.0
1789758000000,0.08738,0.08819,0.08735,0.088,52632759.0
1789761600000,0.088,0.08847,0.0877,0.08829,42252052.0
1789765200000,0.08829,0.08852,0.08796,0.08822,38269951.0
1789768800000,0.08823,0.0887,0.088,0.08813,31602328.0
1789772400000,0.08814,0.08823,0.08739,0.08747,31902030.0
1789776000000,0.08747,0.08845,0.08731,0.08792,41905035.0
1789779600000,0.08793,0.08825,0.08705,0.08805,62665814.0
1789783200000,0.08805,0.08892,0.088,0.08832,41179784.0
1789786800000,0.08832,0.08845,0.08776,0.08804,21439800.0
1789790400000,0.08804,0.0884,0.08716,0.08745,28615847.0
1789794000000,0.08744,0.08796,0.0874,0.08748,12178763.0
1789797600000,0.08747,0.08752,0.08676,0.08711,24026806.0
1789801200000,0.08711,0.08735,0.08649,0.0867,22460636.0
1789804800000,0.0867,0.08763,0.08651,0.0873,25273445.0
1789808400000,0.08731,0.0875,0.08683,0.08727,17954835.0
1789812000000,0.08726,0.08807,0.08721,0.08765,25876442.0
1789815600000,0.08766,0.08847,0.08766,0.08841,34035074.0
1789819200000,0.08842,0.08905,0.088,0.089,39398750.0
1789822800000,0.08899,0.08989,0.08845,0.08885,75766044.0
1789826400000,0.08884,0.08987,0.08877,0.08899,51252503.0
1789830000000,0.08899,0.0893,0.08845,0.08894,46358540.0
1789833600000,0.08894,0.08973,0.08857,0.08966,40527225.0
1789837200000,0.08966,0.09135,0.08951,0.08986,91303984.0
1789840800000,0.08986,0.09047,0.08909,0.08972,42671637.0
1789844400000,0.08973,0.09017,0.0891,0.08922,91138611.0
1789848000000,0.08923,0.08939,0.08865,0.08899,41643413.0
1789851600000,0.089,0.08911,0.08677,0.08738,61170404.0
1789855200000,0.08738,0.08788,0.0867,0.08782,39734351.0
1789858800000,0.08781,0.08814,0.08769,0.08772,29041174.0
1789862400000,0.08773,0.08795,0.08743,0.08755,23061322.0
1789866000000,0.08756,0.08759,0.08675,0.08721,31211717.0
1789869600000,0.08722,0.08754,0.0852,0.08543,87376663.0
1789873200000,0.08542,0.0861,0.085,0.08579,56019058.0
1789876800000,0.08579,0.08581,0.08525,0.08547,26165350.0
1789880400000,0.08548,0.08565,0.0852,0.08541,21325552.0
1789884000000,0.0854,0.0856,0.08489,0.08506,31861914.0
1789887600000,0.08506,0.08534,0.08486,0.08489,14661767.0
1789891200000,0.08488,0.08518,0.08449,0.08477,31241448.0
1789894800000,0.08477,0.08544,0.08476,0.08496,25896480.0
1789898400000,0.08496,0.08506,0.08434,0.08468,24638855.0
1789902000000,0.08468,0.08529,0.08463,0.08516,23821328.0
1789905600000,0.08516,0.08545,0.0848,0.08515,27670812.0
1789909200000,0.08514,0.08524,0.08475,0.08495,18810414.0
1789912800000,0.08494,0.0854,0.08478,0.08511,38140530.0
1789916400000,0.08511,0.08586,0.08511,0.08582,45695071.0
1789920000000,0.08583,0.08758,0.08561,0.08754,63168915.0
1789923600000,0.08754,0.08786,0.0867,0.08702,54350328.0
1789927200000,0.08701,0.0873,0.08648,0.08668,19643589.0
1789930800000,0.08668,0.08763,0.08658,0.08738,20499657.0
1789934400000,0.08737,0.08771,0.08723,0.08735,28305896.0
1789938000000,0.08735,0.08737,0.08615,0.08693,36258232.0
1789941600000,0.08693,0.08761,0.08668,0.08749,18944013.0
1789945200000,0.08748,0.08756,0.08709,0.0873,20253479.0
1789948800000,0.0873,0.08899,0.08727,0.08875,69805223.0
1789952400000,0.08874,0.0898,0.08728,0.08749,95386708.0
1789956000000,0.08749,0.08847,0.08722,0.08811,38661784.0
1789959600000,0.0881,0.0888,0.08808,0.08849,24500331.0
1789963200000,0.08849,0.08868,0.08782,0.08835,27646012.0
1789966800000,0.08834,0.08911,0.08806,0.08836,28631525.0
1789970400000,0.08836,0.08948,0.08834,0.08907,40992752.0
1789974000000,0.08907,0.08976,0.08881,0.08974,34847614.0
1789977600000,0.08973,0.09267,0.08967,0.09188,184686633.0
1789981200000,0.09187,0.09488,0.09124,0.09214,276746932.0
1789984800000,0.09214,0.09294,0.09174,0.09291,91199027.0
1789988400000,0.09292,0.09379,0.09277,0.09336,73197436.0
1789992000000,0.09337,0.09398,0.09297,0.09349,73957276.0
1789995600000,0.09349,0.09441,0.09246,0.09328,122644502.0
1789999200000,0.09329,0.09522,0.09225,0.09496,151123835.0
1790002800000,0.09495,0.09818,0.09486,0.09733,304453221.0
1790006400000,0.09732,0.09789,0.09521,0.09665,136469827.0
1790010000000,0.09665,0.09908,0.09649,0.09739,179648909.0
1790013600000,0.0974,0.09996,0.09696,0.0997,168955156.0
1790017200000,0.0997,0.1,0.09755,0.09854,136129647.0
1790020800000,0.09854,0.10114,0.09841,0.10018,158360127.0
1790024400000,0.10017,0.1002,0.09804,0.09927,90843926.0
1790028000000,0.09928,0.10191,0.09928,0.10032,132659274.0
1790031600000,0.10031,0.10211,0.09887,0.09986,101734635.0
1790035200000,0.09987,0.10169,0.09919,0.09942,132539747.0
1790038800000,0.09942,0.1005,0.09783,0.09977,144589513.0
1790042400000,0.09976,0.1008,0.09882,0.09892,120188111.0
1790046000000,0.09891,0.10227,0.0985,0.10193,155569098.0
1790049600000,0.10194,0.10589,0.09956,0.09993,355155175.0
1790053200000,0.09994,0.10035,0.0984,0.10008,110727479.0
1790056800000,0.10008,0.10058,0.09942,0.09976,53530195.0
1790060400000,0.09975,0.09999,0.09876,0.09884,48376187.0
1790064000000,0.09884,0.09979,0.09763,0.09958,83985672.0
1790067600000,0.09957,0.09961,0.09821,0.09878,67148976.0
1790071200000,0.09879,0.09879,0.09735,0.09777,47647454.0
1790074800000,0.09777,0.09829,0.09716,0.09792,41657066.0
1790078400000,0.09793,0.09996,0.09754,0.0999,75623736.0
1790082000000,0.0999,0.1011,0.09944,0.10096,132363666.0
1790085600000,0.10096,0.10116,0.09844,0.09999,132500562.0
1790089200000,0.1,0.10055,0.09931,0.10002,89583315.0
1790092800000,0.10001,0.10021,0.09867,0.09949,63776853.0
1790096400000,0.09949,0.10007,0.09927,0.09972,65799789.0
1790100000000,0.09972,0.10015,0.09922,0.09994,62273407.0
1790103600000,0.09994,0.1006,0.09957,0.10003,70704329.0
1790107200000,0.10003,0.10061,0.09947,0.10011,44315891.0
1790110800000,0.10012,0.10045,0.09976,0.09999,37545123.0
1790114400000,0.09999,0.1011,0.09927,0.10038,54611250.0
1790118000000,0.10038,0.10128,0.09996,0.10044,57560352.0
1790121600000,0.10044,0.10139,0.10022,0.10076,36560565.0
1790125200000,0.10076,0.10271,0.10067,0.10144,76608491.0
1790128800000,0.10143,0.10377,0.10044,0.10347,78215294.0
1790132400000,0.10346,0.10438,0.1025,0.10394,103871187.0
1790136000000,0.10394,0.10432,0.10331,0.10357,75520463.0
1790139600000,0.10357,0.10359,0.10115,0.10142,74416797.0
1790143200000,0.10143,0.10288,0.10122,0.10224,42419734.0
1790146800000,0.10223,0.10229,0.10053,0.10088,76463922.0
1790150400000,0.10089,0.10168,0.09888,0.09972,107262241.0
1790154000000,0.09973,0.10034,0.09954,0.09988,63484430.0
1790157600000,0.09987,0.10018,0.09923,0.10013,62418846.0
1790161200000,0.10014,0.10024,0.09889,0.09936,59367148.0
1790164800000,0.09936,0.0998,0.09874,0.09949,44779120.0
1790168400000,0.09948,0.10007,0.09858,0.09941,62814318.0
1790172000000,0.09941,0.09995,0.093,0.09489,423473210.0
1790175600000,0.09489,0.09525,0.0925,0.09277,136619307.0
1790179200000,0.09277,0.09332,0.09113,0.09244,125581407.0
1790182800000,0.09244,0.09277,0.09155,0.09243,52028392.0
1790186400000,0.09243,0.09256,0.09168,0.09208,96812058.0
1790190000000,0.09208,0.09277,0.09199,0.09235,48296702.0
1790193600000,0.09235,0.09248,0.09182,0.09189,28310806.0
1790197200000,0.09188,0.09274,0.09164,0.09252,35129170.0
1790200800000,0.09252,0.09327,0.09234,0.09262,35844162.0
1790204400000,0.09263,0.09284,0.09235,0.09272,27054674.0
1790208000000,0.09273,0.09343,0.09251,0.09288,26178726.0
1790211600000,0.09289,0.09337,0.09249,0.09262,32452404.0
1790215200000,0.09262,0.0942,0.09202,0.09379,37919690.0
1790218800000,0.0938,0.0943,0.093,0.09318,36088753.0
1790222400000,0.09318,0.09422,0.09293,0.09412,25041581.0
1790226000000,0.09412,0.09519,0.094,0.0941,38824660.0
1790229600000,0.0941,0.09472,0.09393,0.09444,20379917.0
1790233200000,0.09444,0.09496,0.09381,0.09463,29256719.0
1790236800000,0.09462,0.09476,0.09262,0.09333,49586565.0
1790240400000,0.09333,0.09358,0.09141,0.09206,68146543.0
1790244000000,0.09206,0.09278,0.09183,0.09278,32287544.0
1790247600000,0.09277,0.09302,0.0925,0.0927,25962939.0
1790251200000,0.0927,0.09305,0.09218,0.09285,18890796.0
1790254800000,0.09284,0.09458,0.09283,0.09422,47184555.0
1790258400000,0.09422,0.09622,0.09327,0.09428,177913481.0
1790262000000,0.09427,0.09598,0.09399,0.09567,61384964.0
1790265600000,0.09568,0.0975,0.09504,0.09642,119684942.0
1790269200000,0.09641,0.09641,0.0954,0.09594,45180417.0
1790272800000,0.09593,0.09694,0.09527,0.0967,29200379.0
1790276400000,0.0967,0.09674,0.09603,0.09625,25375922.0
1790280000000,0.09624,0.09636,0.09567,0.09578,21751542.0
1790283600000,0.09579,0.09636,0.09564,0.0959,16830672.0
1790287200000,0.09591,0.09591,0.09492,0.09549,39641544.0
1790290800000,0.09549,0.0961,0.09549,0.09579,13135964.0
1790294400000,0.09578,0.0966,0.09577,0.09655,27795767.0
1790298000000,0.09655,0.09697,0.09572,0.09597,22715183.0
1790301600000,0.09597,0.09666,0.09498,0.09511,34396425.0
1790305200000,0.09512,0.09541,0.09459,0.09522,32064700.0
1790308800000,0.09522,0.09584,0.09488,0.09514,22527727.0
1790312400000,0.09513,0.09532,0.09481,0.09513,17034090.0
1790316000000,0.09513,0.09547,0.09456,0.09495,21348153.0
1790319600000,0.09495,0.09555,0.09463,0.09551,21590347.0
1790323200000,0.09551,0.09645,0.09526,0.09622,30285049.0
1790326800000,0.09621,0.09719,0.09619,0.09673,40800588.0
1790330400000,0.09672,0.09716,0.09614,0.09691,29583529.0
1790334000000,0.09691,0.09889,0.09686,0.09805,82722031.0
1790337600000,0.09804,0.09894,0.09659,0.09871,93855541.0
1790341200000,0.09871,0.09912,0.0969,0.09793,99111722.0
1790344800000,0.09793,0.09807,0.09624,0.09784,90163041.0
1790348400000,0.09783,0.09841,0.0964,0.09744,81096888.0
1790352000000,0.09745,0.09835,0.0971,0.09713,66474627.0
1790355600000,0.09714,0.09774,0.09666,0.09711,39208603.0
1790359200000,0.09711,0.09852,0.09692,0.0976,46889679.0
1790362800000,0.0976,0.09829,0.09744,0.09814,23315356.0
1790366400000,0.09814,0.09864,0.09774,0.09784,45379857.0
1790370000000,0.09785,0.09805,0.09725,0.09774,22093346.0
1790373600000,0.09774,0.09984,0.09764,0.09932,57607608.0
1790377200000,0.09932,0.09941,0.09875,0.09897,22284766.0
1790380800000,0.09896,0.09925,0.09805,0.09857,29589846.0
1790384400000,0.09856,0.09971,0.0985,0.09904,40527118.0
1790388000000,0.09904,0.09942,0.09839,0.09848,37942058.0
1790391600000,0.09847,0.0986,0.09786,0.09797,20632890.0
1790395200000,0.09796,0.09844,0.09762,0.09803,20379297.0
1790398800000,0.09803,0.0981,0.09732,0.09744,22898518.0
1790402400000,0.09744,0.09763,0.09726,0.09742,16410218.0
1790406000000,0.09741,0.09804,0.09741,0.09797,15559050.0
1790409600000,0.09796,0.09822,0.09735,0.09779,17506653.0
1790413200000,0.09778,0.09783,0.09682,0.09721,25587135.0
1790416800000,0.09721,0.09812,0.09721,0.09811,20638434.0
1790420400000,0.09812,0.09824,0.09762,0.09766,15604904.0
1790424000000,0.09766,0.09784,0.0971,0.09733,16832716.0
1790427600000,0.09734,0.09759,0.09676,0.0972,27880320.0
1790431200000,0.0972,0.09788,0.09704,0.09788,17083251.0
1790434800000,0.09788,0.09874,0.09774,0.09868,33726153.0
1790438400000,0.09868,0.0987,0.0981,0.09846,14858978.0
1790442000000,0.09846,0.09846,0.09764,0.09777,13236408.0
1790445600000,0.09776,0.09785,0.09701,0.09716,13649907.0
1790449200000,0.09716,0.09737,0.0969,0.097,11143635.0
1790452800000,0.097,0.09713,0.0953,0.09586,36648270.0
1790456400000,0.09585,0.09686,0.0958,0.09652,16795628.0
1790460000000,0.09651,0.09685,0.09626,0.0964,14582122.0
1790463600000,0.0964,0.09685,0.09638,0.09673,19565195.0
1790467200000,0.09674,0.09679,0.09624,0.09629,17117241.0
1790470800000,0.0963,0.09679,0.09599,0.0966,20786518.0
1790474400000,0.0966,0.0968,0.09628,0.09631,15540833.0
1790478000000,0.09631,0.09648,0.09608,0.09612,13966460.0
1790481600000,0.09612,0.09627,0.09526,0.09554,31986212.0
1790485200000,0.09554,0.0966,0.09554,0.09632,25887012.0
1790488800000,0.09632,0.0971,0.09625,0.09697,33650210.0
1790492400000,0.09696,0.09816,0.09686,0.09811,48272633.0
1790496000000,0.09811,0.09847,0.09766,0.09784,61812318.0
1790499600000,0.09784,0.09801,0.09723,0.09799,25663658.0
1790503200000,0.09798,0.0982,0.09764,0.09769,24974631.0
1790506800000,0.09769,0.0981,0.09746,0.09789,26290364.0
1790510400000,0.09788,0.09893,0.09788,0.09819,50228508.0
1790514000000,0.09818,0.09818,0.09691,0.09784,50734209.0
1790517600000,0.09785,0.098,0.09642,0.09669,41975956.0
1790521200000,0.0967,0.09701,0.09621,0.09692,29147264.0
1790524800000,0.09693,0.09752,0.09658,0.09665,25344300.0
1790528400000,0.09664,0.09706,0.09655,0.09701,13310247.0
1790532000000,0.09701,0.09782,0.09687,0.09776,24188579.0
1790535600000,0.09777,0.09782,0.09706,0.09714,14658229.0
1790539200000,0.09715,0.09758,0.09676,0.09697,17032469.0
1790542800000,0.09697,0.09753,0.09647,0.09732,24846069.0
1790546400000,0.09733,0.09752,0.09554,0.09584,44170811.0
1790550000000,0.09584,0.09719,0.09577,0.0969,26754909.0
1790553600000,0.09689,0.09784,0.09631,0.09661,51404971.0
1790557200000,0.09661,0.09714,0.09531,0.09544,77894799.0
1790560800000,0.09543,0.09605,0.09466,0.09475,60413817.0
1790564400000,0.09476,0.09512,0.09358,0.09406,65247205.0
1790568000000,0.09406,0.09452,0.09332,0.09442,54941095.0
1790571600000,0.09442,0.0947,0.09257,0.09335,63929981.0
1790575200000,0.09334,0.09385,0.09287,0.09296,52088789.0
1790578800000,0.09297,0.09344,0.09235,0.09252,58457419.0
1790582400000,0.09252,0.09324,0.09243,0.09302,28308294.0
1790586000000,0.09301,0.09323,0.09216,0.09238,55383171.0
1790589600000,0.09238,0.09341,0.09238,0.09302,38759779.0
1790593200000,0.09303,0.09341,0.09297,0.09323,23985747.0
1790596800000,0.09323,0.09478,0.09289,0.09453,80452422.0
1790600400000,0.09454,0.0946,0.09372,0.09398,48904444.0
1790604000000,0.09397,0.09397,0.09153,0.09232,104155706.0
1790607600000,0.09233,0.09348,0.09197,0.09335,48081067.0
1790611200000,0.09334,0.09513,0.09293,0.09439,44407488.0
1790614800000,0.09439,0.09545,0.09366,0.0946,35191786.0
1790618400000,0.09459,0.09519,0.09438,0.09493,46263675.0
1790622000000,0.09493,0.09496,0.093,0.09334,22543795.0
1790625600000,0.09334,0.09416,0.09306,0.09398,12758462.0
1790629200000,0.09399,0.0943,0.09316,0.09323,16586642.0
1790632800000,0.09322,0.09357,0.09249,0.09354,15042885.0
1790636400000,0.09353,0.094,0.09342,0.09396,13509900.0
1790640000000,0.09395,0.09453,0.09356,0.09361,14726547.0
1790643600000,0.0936,0.09405,0.09201,0.09267,48250085.0
1790647200000,0.09268,0.0929,0.09178,0.09228,45477702.0
1790650800000,0.09229,0.09341,0.09216,0.09312,26556936.0
1790654400000,0.09312,0.09347,0.09268,0.09309,17982436.0
1790658000000,0.09308,0.09389,0.09262,0.09386,25449680.0
1790661600000,0.09385,0.09488,0.09383,0.09476,27960844.0
1790665200000,0.09476,0.09527,0.09447,0.09506,31059769.0
1790668800000,0.09507,0.09554,0.09443,0.09501,41145101.0
1790672400000,0.09501,0.09589,0.09476,0.09556,41328371.0
1790676000000,0.09556,0.09563,0.09486,0.09502,18529370.0
1790679600000,0.09501,0.09605,0.09486,0.09575,22671280.0
1790683200000,0.09575,0.09638,0.09556,0.09591,35812800.0
1790686800000,0.09592,0.09634,0.09554,0.09584,25985292.0
1790690400000,0.09584,0.0961,0.09513,0.09554,33089809.0
1790694000000,0.09554,0.09554,0.09326,0.09373,59274719.0
1790697600000,0.09373,0.09433,0.09285,0.09333,37027471.0
1790701200000,0.09333,0.09371,0.09277,0.09326,30062170.0
1790704800000,0.09325,0.09435,0.09325,0.09418,27363241.0
1790708400000,0.09417,0.09441,0.09353,0.09368,20405253.0
1790712000000,0.09368,0.0943,0.09344,0.09406,10370391.0
1790715600000,0.09405,0.09424,0.0937,0.09413,15077796.0
1790719200000,0.09412,0.09449,0.09383,0.09402,16090518.0
1790722800000,0.09402,0.09449,0.09363,0.09389,9606673.0
1790726400000,0.0939,0.09399,0.09329,0.09363,14473517.0
1790730000000,0.09364,0.09434,0.09355,0.09398,15615019.0
1790733600000,0.09398,0.09441,0.09367,0.0939,13555081.0
1790737200000,0.09391,0.09401,0.09308,0.09339,23130406.0
1790740800000,0.09338,0.09395,0.09334,0.09339,21152590.0
1790744400000,0.09339,0.09417,0.09332,0.09396,22367740.0
1790748000000,0.09396,0.09416,0.09287,0.09303,22261898.0
1790751600000,0.09302,0.09413,0.09292,0.09378,22010412.0
1790755200000,0.09377,0.09383,0.09331,0.09362,19221909.0
1790758800000,0.09361,0.09472,0.09356,0.09426,31760432.0
1790762400000,0.09427,0.09546,0.09423,0.0954,46963793.0
1790766000000,0.09539,0.09665,0.09499,0.09583,93476729.0
1790769600000,0.09583,0.09786,0.09554,0.09733,101946860.0
1790773200000,0.09733,0.09819,0.09562,0.09628,129718191.0
1790776800000,0.09628,0.09661,0.09426,0.09478,97826805.0
1790780400000,0.09477,0.09565,0.09419,0.09539,49550768.0
1790784000000,0.0954,0.09582,0.09487,0.09526,27724303.0
1790787600000,0.09526,0.09552,0.09424,0.09442,22796243.0
1790791200000,0.09442,0.09455,0.09371,0.09417,21447465.0
1790794800000,0.09418,0.09443,0.09358,0.09404,19345098.0
1790798400000,0.09405,0.09475,0.09399,0.09441,12378732.0
1790802000000,0.09442,0.09466,0.09417,0.09428,12430425.0
1790805600000,0.09429,0.09484,0.09397,0.09451,10885745.0
1790809200000,0.0945,0.09483,0.09437,0.09456,12287319.0
1790812800000,0.09456,0.09469,0.09424,0.09456,12783521.0
1790816400000,0.09455,0.09537,0.09452,0.09474,23238699.0
1790820000000,0.09473,0.0954,0.0946,0.09525,12362813.0
1790823600000,0.09525,0.09579,0.09484,0.09578,25137015.0
1790827200000,0.09579,0.09612,0.09541,0.09577,17312167.0
1790830800000,0.09577,0.09611,0.0957,0.09588,10393063.0
1790834400000,0.09587,0.09596,0.09547,0.0958,15250938.0
1790838000000,0.09579,0.09601,0.09411,0.0943,54110571.0
1790841600000,0.09431,0.09454,0.09383,0.09447,34775890.0
1790845200000,0.09446,0.0948,0.09429,0.09442,12958806.0
1790848800000,0.09441,0.095,0.0935,0.0948,35362563.0
1790852400000,0.09479,0.09512,0.09444,0.09497,18206617.0
1790856000000,0.09497,0.09511,0.09429,0.09453,19665386.0
1790859600000,0.09453,0.09493,0.09375,0.09471,31062747.0
1790863200000,0.0947,0.09492,0.09385,0.09417,41691859.0
1790866800000,0.09416,0.09487,0.09358,0.09432,43506936.0
1790870400000,0.09431,0.09466,0.09361,0.09379,23469920.0
1790874000000,0.09379,0.0953,0.09379,0.09494,35530508.0
1790877600000,0.09493,0.09548,0.0947,0.095,17817272.0
1790881200000,0.095,0.09522,0.09431,0.09485,13821580.0
1790884800000,0.09484,0.09504,0.0945,0.09457,9454752.0
1790888400000,0.09458,0.09466,0.09377,0.09399,19789446.0
1790892000000,0.09399,0.09443,0.09383,0.09419,10723831.0
1790895600000,0.09418,0.09442,0.09404,0.09437,4923450.0
1790899200000,0.09436,0.09452,0.09402,0.09407,9257882.0
1790902800000,0.09406,0.0941,0.09316,0.09386,50318973.0
1790906400000,0.09386,0.09434,0.09363,0.09431,20044292.0
1790910000000,0.09431,0.09488,0.09419,0.09481,26391626.0
1790913600000,0.09481,0.09706,0.09469,0.09677,92281605.0
1790917200000,0.09677,0.09681,0.09552,0.09584,47715502.0
1790920800000,0.09584,0.09629,0.09574,0.0959,25751131.0
1790924400000,0.09589,0.0966,0.09542,0.09647,30655129.0
1790928000000,0.09648,0.09796,0.09634,0.09713,73010015.0
1790931600000,0.09713,0.09749,0.09661,0.09697,41831914.0
1790935200000,0.09697,0.09706,0.09635,0.09663,27843402.0
1790938800000,0.09663,0.09697,0.09649,0.09652,15161292.0
1790942400000,0.09653,0.09761,0.09615,0.09716,70871229.0
1790946000000,0.09716,0.09774,0.0965,0.09662,39823630.0
1790949600000,0.09662,0.09706,0.09481,0.09542,91231037.0
1790953200000,0.09543,0.09556,0.09476,0.09512,34184180.0
1790956800000,0.09513,0.09562,0.09471,0.095,27973102.0
1790960400000,0.09501,0.0952,0.09419,0.09451,24170132.0
1790964000000,0.09451,0.09466,0.09031,0.09109,195827122.0
1790967600000,0.09109,0.09168,0.09064,0.09149,61097502.0
1790971200000,0.09149,0.09183,0.09119,0.09129,51475751.0
1790974800000,0.09129,0.09216,0.09127,0.09214,23377386.0
1790978400000,0.09214,0.09253,0.09183,0.09244,26194945.0
1790982000000,0.09244,0.09306,0.09232,0.09293,20518444.0
1790985600000,0.09294,0.09356,0.09281,0.09331,31073900.0
1790989200000,0.0933,0.09364,0.09311,0.09316,14620297.0
1790992800000,0.09317,0.09339,0.09299,0.09304,9264544.0
1790996400000,0.09303,0.09335,0.09291,0.09331,9519826.0
1791000000000,0.09331,0.09332,0.09279,0.09295,14956270.0
1791003600000,0.09295,0.09324,0.09288,0.093,8373869.0
1791007200000,0.093,0.09313,0.09284,0.09297,9984248.0
1791010800000,0.09296,0.09297,0.09257,0.09267,7708448.0
1791014400000,0.09268,0.09277,0.09243,0.09252,20855502.0
1791018000000,0.09252,0.09288,0.09252,0.09276,12610172.0
1791021600000,0.09276,0.09296,0.09276,0.0929,11627163.0
1791025200000,0.09289,0.09293,0.09266,0.09278,7355472.0
1791028800000,0.09278,0.09302,0.09257,0.09274,13755066.0
1791032400000,0.09274,0.09292,0.09252,0.09292,8825118.0
1791036000000,0.09292,0.0935,0.09268,0.09335,27168107.0
1791039600000,0.09335,0.09335,0.09301,0.09312,14951796.0
1791043200000,0.09312,0.09328,0.09289,0.09309,9870299.0
1791046800000,0.09309,0.09343,0.09308,0.09326,13190217.0
1791050400000,0.09326,0.09334,0.09303,0.09319,7871102.0
1791054000000,0.09318,0.09322,0.09303,0.09315,6250519.0
1791057600000,0.09314,0.09335,0.09311,0.09316,11610543.0
1791061200000,0.09317,0.0932,0.09283,0.09294,11902763.0
1791064800000,0.09294,0.09307,0.09273,0.09293,9961821.0
1791068400000,0.09294,0.09295,0.09275,0.09282,6793918.0
1791072000000,0.09282,0.09314,0.0928,0.09291,11310944.0
1791075600000,0.09291,0.09297,0.09267,0.0928,10855360.0
1791079200000,0.0928,0.093,0.09268,0.09277,19003857.0
1791082800000,0.09276,0.09289,0.09252,0.09265,13979103.0
1791086400000,0.09266,0.09274,0.09263,0.09274,6524718.0
1791090000000,0.09274,0.09294,0.09271,0.09281,8519635.0
1791093600000,0.09282,0.09325,0.09275,0.09306,15935867.0
1791097200000,0.09305,0.09349,0.09298,0.09347,10140394.0
1791100800000,0.09349,0.09355,0.09308,0.09315,12941134.0
1791104400000,0.09316,0.09355,0.09304,0.09342,9072434.0
1791108000000,0.09342,0.09364,0.0933,0.09337,20115184.0
1791111600000,0.09338,0.09379,0.09333,0.09349,14905423.0
1791115200000,0.09348,0.09382,0.09337,0.0934,15051044.0
1791118800000,0.0934,0.0938,0.09339,0.09359,9915712.0
1791122400000,0.09358,0.0941,0.09342,0.09398,20480763.0
1791126000000,0.09399,0.09458,0.09398,0.09419,30367336.0
1791129600000,0.09419,0.09478,0.09403,0.09455,24966845.0
1791133200000,0.09455,0.09624,0.09455,0.09545,84972738.0
1791136800000,0.09544,0.09571,0.09506,0.09511,26494488.0
1791140400000,0.09511,0.09578,0.09507,0.09543,27303564.0
1791144000000,0.09543,0.09588,0.09529,0.09586,30202241.0
1791147600000,0.09586,0.0976,0.09586,0.09636,81754754.0
1791151200000,0.09637,0.09712,0.0962,0.09636,43705478.0
1791154800000,0.09637,0.09654,0.09574,0.09591,43891082.0
1791158400000,0.09591,0.09643,0.09556,0.09638,25392613.0
1791162000000,0.09638,0.09696,0.09604,0.09616,26769594.0
1791165600000,0.09616,0.09684,0.09614,0.09622,21152118.0
1791169200000,0.09622,0.09649,0.09572,0.09589,42919788.0
1791172800000,0.0959,0.096,0.09475,0.09522,35766847.0
1791176400000,0.09521,0.09545,0.0949,0.0953,12559988.0
1791180000000,0.09531,0.09629,0.09531,0.09607,16710458.0
1791183600000,0.09607,0.09679,0.09599,0.09661,29929153.0
